addr	size	name	string_hints
000300c4	272	FUN_000300c4	
000301e4	4	FUN_000301e4	
000301e8	56	FUN_000301e8	
00030220	4	thunk_FUN_000304a8	
00030260	192	FUN_00030260	
00030320	96	FUN_00030320	
00030380	96	FUN_00030380	
000303e0	128	FUN_000303e0	
000304a8	4	FUN_000304a8	
000304ac	16	FUN_000304ac	
000304bc	28	FUN_000304bc	
000304e0	64	FUN_000304e0	
00030528	44	FUN_00030528	
00030564	20	FUN_00030564	
00030578	96	FUN_00030578	
00030644	208	FUN_00030644	
00030714	24	FUN_00030714	
0003072c	4	FUN_0003072c	
00030730	4	FUN_00030730	
00030738	24	FUN_00030738	
00030750	24	FUN_00030750	
00030764	40	FUN_00030764	
000307cc	72	FUN_000307cc	
000307d8	164	FUN_000307d8	s_ERROR:_%s_-_start_address_is_not_00074ef1,s_v7_dcache_inval_range_00074e98,s_ERROR:_%s_-_stop_address_is_not_a_00074f24
00030884	4	FUN_00030884	
00030888	40	FUN_00030888	
00030918	24	FUN_00030918	s_U-Boot_2012.10_(flyound202112301_00071f33,s_%s_00074f56
00030964	120	FUN_00030964	s_fatload_mmc_%d_%x_%s_00074f66,s_fatload_usb_%d_%x_%s_00074f7b,s_cmd=%s_000750c9+0x13
00030a0c	28	FUN_00030a0c	
00030a28	96	FUN_00030a28	
00030a8c	212	FUN_00030a8c	s_arkdata_0007553e+7,s_no_partition_name_arkdata._00074f90,s_%s_size_00074fac,s_nand_read_0x%x_0x%x_0x%x_00074fb4
00031808	16	FUN_00031808	s_###_ERROR_###_Please_RESET_the_b_00075575
0003181c	272	FUN_0003181c	s_fdtcontroladdr_0007559f,s_DRAM:_000755ae,s__0007d8d9+0x17
000319c0	36	FUN_000319c0	
000319e4	44	FUN_000319e4	
00031a1c	80	FUN_00031a1c	s_flyound2021123014_00075672
00031a78	144	FUN_00031a78	
00031b14	328	FUN_00031b14	s_bootargs_00075684
00031c74	88	FUN_00031c74	
00031ccc	60	FUN_00031ccc	s_Bad_Linux_ARM_zImage_magic!_0007568d
00031d6c	24	FUN_00031d6c	
00031d84	84	FUN_00031d84	s_================%s==============_00074ec8+1,s_reset_cpu_00074e8e,s_Resetting_CPU_..._000756aa
00031da0	276	FUN_00031da0	s_pc_:_[<%08lx>]_lr_:_[<%08lx>]_sp_000756c1,s_r10:_%08lx_r9_:_%08lx_r8_:_%08lx_00075706,s_r7_:_%08lx_r6_:_%08lx_r5_:_%08lx_0007572a,s_r3_:_%08lx_r2_:_%08lx_r1_:_%08lx_0007575a
00031edc	12	FUN_00031edc	
00031f24	32	FUN_00031f24	s_prefetch_abort_000757e4
00031f48	32	FUN_00031f48	s_data_abort_000757f4
00031f6c	32	FUN_00031f6c	s_not_used_00075800
00031f90	32	FUN_00031f90	s_fast_interrupt_request_0007580a
00031fd0	48	FUN_00031fd0	
00032004	24	FUN_00032004	
0003201c	24	FUN_0003201c	
00032040	164	FUN_00032040	
000320e4	36	FUN_000320e4	
00032268	196	FUN_00032268	PTR_s_kernel_0003232c,s_kernel_0007542f,PTR_s_%s_size_00032330,s_%s_size_00074fac
00032344	4	FUN_00032344	
00032348	60	FUN_00032348	s_autostart_000759ca,s_Automatic_boot_of_image_at_addr_0_000759d4
000323ac	272	FUN_000323ac	s_Ramdisk_image_is_corrupt_or_inva_00075a35
000324dc	24	FUN_000324dc	
000325f4	492	FUN_000325f4	s_bootfile_00075bf9,s_loadaddr_00075524,s_**_No_boot_file_defined_**_00075c02,s_Loading_file_"%s"_from_%s_device_00075c1e
0003281c	188	FUN_0003281c	s_**_Bad_ext2_partition_or_disk_-_%_00075c47,s_**_Error_extfs_ls()_**_00075c9e
00032e94	60	FUN_00032e94	
00033084	196	FUN_00033084	
00033608	460	FUN_00033608	PTR_s_rd_00078218+6_000337d4,s_rd_00078218+6,PTR_s_para_addr:0x%lx_offset:%x_size:0_000337d8,s_para_addr:0x%lx_offset:%x_size:0_0007628d
00033958	392	FUN_00033958	s_kernel_0007542f,s_nand_erase_0x160000_0x300000_0007635a,s_fatload_mmc_0_0x1000000_zimage_00076377,s_nand_write_0x1000000_0x160000_0x_00076396
00033b18	156	FUN_00033b18	PTR_s_mmc0_is_not_insert!_00033bb4,s_mmc0_is_not_insert!_000765e4,PTR_s_mmc1_is_not_insert!_00033bb8,s_mmc1_is_not_insert!_000765fc
00033bc4	292	FUN_00033bc4	PTR_s_argc:%d_00033ce8,s_argc:%d_0007663c,PTR_s_mmcno:%d,_cmd:%d,_sector_no:%d_00033cec,s_mmcno:%d,_cmd:%d,_sector_no:%d_00076645
00034124	312	FUN_00034124	PTR_s_No_MMC_device_available_00034260,s_No_MMC_device_available_00076688,PTR_s_Device:_%s_00034264,s_Device:_%s_000767e0
00034318	144	FUN_00034318	
000343a8	64	FUN_000343a8	
000343e8	220	FUN_000343e8	
000344c8	432	FUN_000344c8	
00034678	676	FUN_00034678	
0003491c	64	FUN_0003491c	s_mmc/sd_device_is_NOT_founded._000768ea
00034960	88	FUN_00034960	s_mmc/sd_device_is_NOT_founded._000768ea
000349bc	128	FUN_000349bc	s_mmc/sd_device_is_NOT_founded._000768ea,s_Card_NOT_detected_or_Init_Failed_00076909
00034a44	148	FUN_00034a44	
00034ae8	376	FUN_00034ae8	s__0007d8d9+0x17,s_partion_#_size(MB)_block_start_#_0007692d,s_1_%6d_%8d_%8d_0x%.2X_00076976,s_2_%6d_%8d_%8d_0x%.2X_000769af
00034d94	28	FUN_00034d94	
00034db0	104	FUN_00034db0	
00034e18	56	FUN_00034e18	
00034e50	68	FUN_00034e50	
00034ea4	136	FUN_00034ea4	s_nand_00075a91+0x1d,s_onenand_00076b20,s_invalid_partition_number_%d_for_d_00076b28
00034f3c	176	FUN_00034f3c	s_%d_00079901+4,s_mtddevnum_00076b5a,s_mtddevname_00076b64
00034ffc	152	FUN_00034ffc	PTR_s_*****Now_update_Stepldr_......_000315ac,s_Now_update_Stepldr_......_000751d4+8,s_onenand_00076b20,s_ow_update_Stepldr_......_000751d4+9
000350b0	256	FUN_000350b0	s_cannot_add_second_partition_at_o_00076b77
000351b8	96	FUN_000351b8	
0003521c	720	FUN_0003521c	s_mtdparts=_00076ba0,s_mtdparts_00076baa
000354fc	80	FUN_000354fc	
00035550	32	FUN_00035550	
00035574	100	FUN_00035574	s_nand_00075a91+0x1d,s_onenand_00076b20,s_Device_%s_not_found!_00076bb8
000355ec	544	FUN_000355ec	s_%s:_offset_%08x_beyond_flash_siz_00076bce,s_onenand_00076b20,s_%s%d:_partition_(%s)_size_too_bi_00076bf6,s_%s:_partitioning_exceeds_flash_s_00076c19
00035830	56	FUN_00035830	
00035868	72	FUN_00035868	
000358b4	1208	FUN_000358b4	s_no_<mtd-id>_identifier_00076f6b+8,s_cluster_0007d8f2+0xe,s_o_<mtd-id>_identifier_00076f6b+9,s_partition_size_too_small_(%lx)_00076cda
00035dac	260	FUN_00035dac	s_nand_00075a91+0x1d,s_onenand_00076b20,s_incorrect_device_type_in_%s_00076e2b,s_incorrect_device_number_in_%s_00076e48
00035ec8	400	FUN_00035ec8	s_no_partition_number_specified_00076e67,s_unexpected_trailing_character_'%_00076e86,s_nand_00075a91+0x1d,s_onenand_00076b20
00036078	1416	FUN_00036078	s_mtdids_00076ee5,s_mtdparts_00076baa,s_partition_00077377+0xe,s_nand0=ark1680-nand_00076ed2
00036660	180	FUN_00036660	PTR_s_no_partition_id_specified_00036714,s_no_partition_id_specified_00077076,PTR_s_nand_00075a91+0x1d_0003671c,s_nand_00075a91+0x1d
00036cc4	92	FUN_00036cc4	s_No_such_device_0007738f,s_Device_%d:_%s_0007739f,s_..._is_now_current_device_000773ad
00036d34	216	FUN_00036d34	s_Device_%d:_0007d929+3,PTR_s_%s,_sector_size_%u_KiB_00036e18,s_%s,_sector_size_%u_KiB_000773cd,PTR_s_Page_size_%8d_b_00036e1c
00036e38	60	FUN_00036e38	
00036e74	220	FUN_00036e74	s_not_a_NAND_device_0007743f,s_Offset_exceeds_device_limit_00077452
00036f5c	272	FUN_00036f5c	PTR_s_'%s'_is_not_a_number_00037070,s_'%s'_is_not_a_number_0007746f,PTR_s_Size_exceeds_partition_or_device_00037074,s_Size_exceeds_partition_or_device_00077485
00037084	2692	FUN_00037084	PTR_s_quiet_00037b08,s_quiet_000774e8,PTR_s_info_000768d9+0xc_00037b10,s_info_000768d9+0xc
00037bc8	152	FUN_00037bc8	s_%s=%s_00077713
00037d28	460	FUN_00037d28	s_stdin_00077774,s_stdout_0007777a,s_stderr_00077781,s_serial#_0007779b
00037f2c	400	FUN_00037f2c	s_##_Error:_illegal_character_'='i_00077814,s_##_Can't_malloc_%d_bytes_0007784a,s_##_Error_inserting_"%s"_variable_00077864
000380f4	72	FUN_000380f4	s_setenv_00077890
00038160	48	FUN_00038160	
00038194	104	FUN_00038194	
000381fc	188	FUN_000381fc	s_env_buf_[%d_bytes]_too_small_for_0007789b
000382bc	104	FUN_000382bc	
00038328	48	FUN_00038328	
00038358	104	FUN_00038358	s_Volume_%s_not_found!_0007796f,s_undefined_instruction_000757b9
00039f34	40	FUN_00039f34	PTR_s_U-Boot_2012.10_(flyound202112301_00039f5c,s_U-Boot_2012.10_(flyound202112301_00071f33,PTR_s_arm-none-linux-gnueabihf-gcc.br__00039f64,s_arm-none-linux-gnueabihf-gcc.br__00078679
00039f6c	164	FUN_00039f6c	
0003a010	28	FUN_0003a010	
0003a038	32	FUN_0003a038	s_%s_-_%s_00078715
0003a05c	376	FUN_0003a05c	s_%-*s-_%s_0007871f,s_Unknown_command_'%s'_-_try_'help_00078729
0003a1dc	88	FUN_0003a1dc	
0003a240	128	FUN_0003a240	s_Unknown_command_'%s'_-_try_'help_0007877e
0003a478	88	FUN_0003a478	
0003a4a8	64	FUN_0003a4a8	
0003a4d8	44	FUN_0003a4d8	s_Capacity:_00076864
0003a508	76	FUN_0003a508	PTR_s__0007d8d9+0x17_00034298,s__0007d8d9+0x17
0003a538	76	FUN_0003a538	
0003a584	60	FUN_0003a584	
0003a5c0	76	FUN_0003a5c0	
0003a628	12	FUN_0003a628	
0003a638	16	FUN_0003a638	
0003a658	40	FUN_0003a658	
0003a680	228	FUN_0003a680	
0003a6d8	144	FUN_0003a6d8	s_In:_000787a1,s_No_input_devices_available!_000787a9,s_Out:_000787c6,s_No_output_devices_available!_000787ce
0003a868	96	FUN_0003a868	
0003a9b0	728	FUN_0003a9b0	
0003abd8	1488	FUN_0003abd8	
0003b1b0	208	FUN_0003b1b0	
0003b744	268	FUN_0003b744	
0003b92c	28	FUN_0003b92c	
0003b95c	72	FUN_0003b95c	s_backlight=30_00071f77
0003b98c	160	FUN_0003b98c	s_***_Warning_-_%s,_using_default_e_00078811,s_Using_default_environment_0007883f,s_backlight=30_00071f77,s_ERROR:_Environment_import_failed_0007885b
0003bbac	180	FUN_0003bbac	
0003bc64	272	FUN_0003bc64	s_env_nand.c_00078937,s_ERROR:_Cannot_export_environment_000788fa,s_saveenv_00071fdb,s_Erasing_Nand..._00078942
0003bea4	312	FUN_0003bea4	
0003c024	8	FUN_0003c024	
0003c02c	8	FUN_0003c02c	
0003c034	32	FUN_0003c034	
0003c058	80	FUN_0003c058	
0003c0a8	60	FUN_0003c0a8	
0003c0e4	28	FUN_0003c0e4	
0003c100	136	FUN_0003c100	
0003c188	40	FUN_0003c188	
0003c1b0	36	FUN_0003c1b0	s_bootm_low_0007898d
0003c1d8	84	FUN_0003c1d8	s_bootm_size_00078997,s_bootm_low_0007898d
0003c270	40	FUN_0003c270	s_%d_Bytes_=_000789b0,s__0007d8d9+0x17
0003c2cc	60	FUN_0003c2cc	s_Invalid_OS_00078db1,s_Linux_00078dc2,s_Unknown_OS_000789bc
0003c2e4	16	FUN_0003c2e4	
0003c2fc	16	FUN_0003c2fc	
0003c314	16	FUN_0003c314	
0003c32c	340	FUN_0003c32c	s_%sImage_Name:_%.*s_000789fe,s_%sImage_Type:_00078a14,s_%s_%s_%s_(%s)_00078a25,s_%sData_Size:_00078a34
0003c554	20	FUN_0003c554	
0003c574	516	FUN_0003c574	s_##_Loading_init_Ramdisk_from_mul_00078b6d,s_##_Loading_init_Ramdisk_from_Leg_00078aaa,s_Bad_Magic_Number_00078ae2,s_Bad_Header_Checksum_00078af4
0003c7a0	200	FUN_0003c7a0	
0003c870	4	FUN_0003c870	
0003c874	472	FUN_0003c874	s__0007534c+0x23
0003ca58	16	FUN_0003ca58	
0003ca6c	132	FUN_0003ca6c	s_**_Too_many_args_(max._%d)_**_00078f0c
0003caf4	832	FUN_0003caf4	s_##_Command_too_long!_00078f2b
0003ce38	24	FUN_0003ce38	
0003d0c8	88	FUN_0003d0c8	
0003d124	72	FUN_0003d124	
0003d16c	56	FUN_0003d16c	
0003d230	112	FUN_0003d230	
0003d2a0	76	FUN_0003d2a0	
0003d2d4	28	FUN_0003d2d4	
0003d2f4	4	thunk_FUN_00054088	
0003d2f8	208	FUN_0003d2f8	
0003d3cc	92	FUN_0003d3cc	
0003d428	116	FUN_0003d428	
0003d49c	260	FUN_0003d49c	
0003d5a4	116	FUN_0003d5a4	
0003d618	28	FUN_0003d618	
0003d634	148	FUN_0003d634	
0003d6c8	152	FUN_0003d6c8	s_unable_to_get_descriptor,_error_%_00078f8f,s_config_descriptor_too_short_(exp_00078fb4
0003d8c8	100	FUN_0003d8c8	
0003d92c	100	FUN_0003d92c	
0003d990	256	FUN_0003d990	
0003da90	40	FUN_0003da90	
0003dabc	140	FUN_0003dabc	s_ERROR,_too_many_USB_Devices,_max_00079006
0003db54	1164	FUN_0003db54	s_usb_new_device:cannot_locate_dev_0007902b,s_Couldn't_reset_port_%i_00079058,s_USB_device_not_accepting_new_add_00079076,s_unable_to_get_device_descriptor_(_000790af
0003e0f8	84	FUN_0003e0f8	
0003e14c	76	FUN_0003e14c	
0003e198	84	FUN_0003e198	
0003e1ec	84	FUN_0003e1ec	
0003e240	88	FUN_0003e240	
0003e298	16	FUN_0003e298	
0003e2ac	172	FUN_0003e2ac	
0003e358	264	FUN_0003e358	s_cannot_reset_port_%i!?_00079198
0003e6e0	712	FUN_0003e6e0	s_ERROR:_USB_MAX_HUB_(%d)_reached_000791b0
0003e734	36	FUN_0003e734	s_usbkbd_000791d1
0003e75c	64	FUN_0003e75c	s_usbkbd_000791d1
0003e7a0	264	FUN_0003e7a0	
0003ea64	112	FUN_0003ea64	s_usbkbd_000791d1
0003ed04	232	FUN_0003ed04	
0003edec	228	FUN_0003edec	
0003eed0	124	FUN_0003eed0	
0003ef50	128	FUN_0003ef50	
0003efd4	468	FUN_0003efd4	s_Read_Error_Wait_Retry_00079200
0003f1b0	444	FUN_0003f1b0	
0003f398	96	FUN_0003f398	s_Device_%d:_0007d929+1,s_No_storage_devices,_perhaps_not_'_00079217
0003f404	228	FUN_0003f404	
0003f4f4	540	FUN_0003f4f4	
0003f714	196	FUN_0003f714	s_Did_not_get_interrupt_on_CBI_00079249
0003f7dc	544	FUN_0003f7dc	s_cmd_0x%02X_returned_0x%02X_0x%02_00079268,s_cmd_0x%02X_returned_0x%02X_0x%02_000792a5
0003fa04	76	FUN_0003fa04	
0003fa50	464	FUN_0003fa50	
00040264	108	FUN_00040264	s_mmc_00075abb+0x1d
000402d4	368	FUN_000402d4	s_not_available_0007952c+0x16,s_able_0007952c+0x1f,s_ble_0007952c+0x20,s__0007957c+7
000404d0	32	FUN_000404d0	
000404f0	148	FUN_000404f0	s_Partition_Map_for_00079551,s_SCSI_00078272+8,s_UNKNOWN_0007957c,s_device_%d_--_Partition_Type:_%s_00079584
000405d4	44	FUN_000405d4	
00040600	128	FUN_00040600	s_**_Bad_device_specification_%s_%_000795ca
00040684	624	FUN_00040684	s_bootdevice_000795f0,s_**_No_device_specified_**_000795fb,s_**_Bad_partition_specification_%_0007961b,s_**_Bad_device_size_-_%s_%s_**_00079644
0004091c	36	FUN_0004091c	
00040940	24	FUN_00040940	
00040958	100	FUN_00040958	s_FAT32_000796df
000409c4	436	FUN_000409c4	s_**_Can't_read_partition_table_on_000796f1,s_bad_MBR_sector_signature_0x%02x%_0007971c,s_Boot_000796eb,s_Extd_000796e5
00040b90	532	FUN_00040b90	s_**_Can't_read_partition_table_on_000796f1,s_bad_MBR_sector_signature_0x%02x%_0007971c,s_hd%c%d_00079759,s_sd%c%d_00079760
00040de4	100	FUN_00040de4	
00040e48	40	FUN_00040e48	s_Partition_Start_Sector_Num_Secto_00079780
00040e74	32	FUN_00040e74	
00040e94	8	FUN_00040e94	
00040e9c	8	FUN_00040e9c	
00040ea4	60	FUN_00040ea4	
00040ee0	192	FUN_00040ee0	s_Status_Error:_0x%08X_000797b5,s_Timeout_waiting_card_ready_000797cb
00040fac	48	FUN_00040fac	
00040fdc	68	FUN_00040fdc	s_MMC_Device_%d_not_found_000797e7
00041028	400	FUN_00041028	s_Caution!_Your_devices_Erase_grou_00079800,s_mmc_erase_failed_0007985d
000411c0	356	FUN_000411c0	s_MMC:_block_number_0x%lx_exceeds_m_0007986f,s_mmc_write_failed_0007989b,s_mmc_fail_to_send_stop_cmd_000798ad
00041330	184	FUN_00041330	s_mmc_fail_to_send_stop_cmd_000798ad
000413ec	156	FUN_000413ec	s_MMC:_block_number_0x%lx_exceeds_m_0007986f
0004148c	76	FUN_0004148c	
000414d8	312	FUN_000414d8	
00041618	312	FUN_00041618	
00041754	76	FUN_00041754	
000417a0	84	FUN_000417a0	
00041804	60	FUN_00041804	
00041840	44	FUN_00041840	
0004186c	100	FUN_0004186c	
000418d0	456	FUN_000418d0	
00041aa4	8	FUN_00041aa4	
00041aac	32	FUN_00041aac	
00041ad4	1520	FUN_00041ad4	s_Man_%06x_Snr_%08x_000798c8,s_%c%c%c%c%c_000798da,s_%d.%d_000798e5
00042110	104	FUN_00042110	
00042204	216	FUN_00042204	s_MMC:_no_card_present_000798eb
000422e0	44	FUN_000422e0	
00042314	88	FUN_00042314	s_%s:_%d_00079901,s__0007d8d9+0x17
0004237c	12	FUN_0004237c	
000423d8	96	FUN_000423d8	
00042438	240	FUN_00042438	s_TIMEOUT_error!!_0007990c
00042530	276	FUN_00042530	s_Didn't_get_source_clock_value.._0007991d,s_TIMEOUT_error!!_0007990c
00042654	744	FUN_00042654	s_Timeout_on_data_busy_0007993e,s_TIMEOUT_error!!_0007990c
0004294c	52	FUN_0004294c	
00042980	288	FUN_00042980	s_%s_0007739f+0xb,s_mmc_malloc_fail!_00079954
00042b60	100	FUN_00042b60	s_U-Boot_BUG_at_%s:%d!_0007997f,s_mtdcore.c_00079995
00042bd0	76	FUN_00042bd0	s_Removing_MTD_device_#%d_(%s)_wit_0007999f
00042c24	112	FUN_00042c24	
00042c98	104	FUN_00042c98	
00042d04	36	FUN_00042d04	s_U-Boot_BUG_at_%s:%d!_0007997f,s_mtdcore.c_00079995
00042edc	156	FUN_00042edc	
00042f78	72	FUN_00042f78	
00042fc0	72	FUN_00042fc0	
00043014	60	FUN_00043014	
000430b0	160	FUN_000430b0	
00043150	184	FUN_00043150	
00043208	100	FUN_00043208	
00043270	136	FUN_00043270	
000432fc	1548	FUN_000432fc	s_Creating_%d_MTD_partitions_on_"%_000799cf,s_memory_allocation_error_while_cr_000799f4,s_Moving_partition_%d:_0x%012llx_-_00079a30,s_0x%012llx-0x%012llx_:_"%s"_00079a5d
00043a64	156	FUN_00043a64	
00043b00	756	FUN_00043b00	s_Attempt_to_erase_non_page_aligne_00079bd3,s_Skipping_bad_block_at_0x%08llx_00079bfb,s_%s:_MTD_get_bad_block_failed:_%d_00079c47,s_%s:_MTD_Erase_failure:_%d_00079c6a
00043e14	844	FUN_00043e14	PTR_s_Attempt_to_write_incomplete_page_00044160,s_Attempt_to_write_incomplete_page_00079ceb,PTR_s_TOSHIBA_oob_%d,_writesize_%d_00044164,s_TOSHIBA_oob_%d,_writesize_%d_00079d1b
00044178	476	FUN_00044178	PTR_s_Attempt_to_read_non_page_aligned_00044354,s_Attempt_to_read_non_page_aligned_00079dc8,PTR_s_Attempt_to_read_outside_the_flas_00044358,s_Attempt_to_read_outside_the_flas_00079def
00044364	200	FUN_00044364	
0004442c	92	FUN_0004442c	
00044488	572	FUN_00044488	s_nand_bbt:_Error_reading_bad_bloc_0007a333,s_nand_bbt:_ECC_error_while_readin_0007a35c,s_nand_read_bbt:_Reserved_block_at_0007a38f
000446d0	244	FUN_000446d0	
000447c4	316	FUN_000447c4	s_BUG:_failure_at_%s:%d/%s()!_00079b00,s_nand_bbt.c_0007a3bb,s_verify_bbt_descr_00072a44,s_.c_0007a3bb+8
00044910	320	FUN_00044910	
00044a50	760	FUN_00044a50	s_create_bbt():_chipnr_(%d)_>_avai_0007a3c6,s_BUG:_failure_at_%s:%d/%s()!_00079b00,s_nand_bbt.c_0007a3bb,s_create_bbt_00072a55
00044d5c	1632	FUN_00044d5c	s_Bad_block_table_written_to_0x%01_0007a4a4,s_No_space_left_to_write_bad_block_0007a3f8,s_nand_bbt:_Error_reading_block_fo_0007a420,s_nand_bbt:_ECC_error_while_readin_0007a45f
000453f0	488	FUN_000453f0	s_Bad_block_table_not_found_for_ch_0007a50c
000455dc	320	FUN_000455dc	s_nand_update_bbt:_Out_of_memory_0007a533
00045720	392	FUN_00045720	
000458a8	1224	FUN_000458a8	s_nand_scan_bbt:_Out_of_memory_0007a553,s_nand_bbt:_Can't_scan_flash_and_b_0007a571,s_nand_bbt:_Out_of_memory_0007a5a9,s_Bad_block_table_at_page_%d,_vers_0007a5c2
00045d80	228	FUN_00045d80	PTR_s_nand_create_default_bbt_descr:_O_00045e70,s_nand_create_default_bbt_descr:_O_0007a5ee
00045ecc	240	FUN_00045ecc	
00045fc0	288	FUN_00045fc0	
000460e0	16	FUN_000460e0	
0004627c	80	FUN_0004627c	
000462cc	56	FUN_000462cc	
00046304	212	FUN_00046304	
000464f0	620	FUN_000464f0	
0004675c	328	FUN_0004675c	
000468a4	312	FUN_000468a4	
000469dc	292	FUN_000469dc	
00046b48	256	FUN_00046b48	
00046c48	112	FUN_00046c48	
00046cb8	404	FUN_00046cb8	
00046e4c	52	FUN_00046e4c	
00046e80	208	FUN_00046e80	
00046f50	180	FUN_00046f50	
00047004	204	FUN_00047004	
000470d0	240	FUN_000470d0	
000471c0	60	FUN_000471c0	
000471fc	136	FUN_000471fc	
00047294	204	FUN_00047294	s_Timeout!_0007a61c
00047368	196	FUN_00047368	
000473d8	48	FUN_000473d8	
00047408	64	FUN_00047408	
00047448	348	FUN_00047448	
000475a4	172	FUN_000475a4	
000476a0	256	FUN_000476a0	s_BUG:_failure_at_%s:%d/%s()!_00079b00,s_nand_base.c_0007a625,s_nand_fill_oob_00072b60
000477a0	404	FUN_000477a0	
00047934	388	FUN_00047934	
00047ab8	832	FUN_00047ab8	s_nand_do_write_ops:_Device_is_wri_0007a631
00047dfc	160	FUN_00047dfc	
00047ea0	136	FUN_00047ea0	
00047f78	256	FUN_00047f78	s_BUG:_failure_at_%s:%d/%s()!_00079b00,s_nand_base.c_0007a625,s_nand_transfer_oob_00072b7f
00048078	80	FUN_00048078	
000484ec	1044	FUN_000484ec	
00048900	648	FUN_00048900	
00048b8c	136	FUN_00048b8c	
00048c14	932	FUN_00048c14	s_%s:_attempt_to_erase_a_bad_block_0007a65f,s_nand_erase_nand_00072b91
0004a13c	428	FUN_0004a13c	
0004a3c0	72	FUN_0004a3c0	
0004a408	564	FUN_0004a408	
0004a684	112	FUN_0004a684	
0004a6f4	72	FUN_0004a6f4	
0004a73c	144	FUN_0004a73c	
0004a80c	452	FUN_0004a80c	s_%d_%d_0x%08X_0007a960
0004aaf8	296	FUN_0004aaf8	PTR_s_+++bootecc_%d,chip->ecc.size_%d,_0004ac28,s_+++bootecc_%d,chip->ecc.size_%d,_0007a9ad
0004aebc	60	FUN_0004aebc	
0004afbc	1672	FUN_0004afbc	s_ubi_attach_mtd_dev_00072dac,s_UBI_error:_%s:_refuse_attaching_m_0007aa38,s_UBI:_attaching_mtd%d_to_ubi%d_0007aa86,s_io_init_00072dbf
0004b6e0	196	FUN_0004b6e0	s_UBI_error:_%s:_%s_reference_coun_0007ad7d,s_ubi_detach_mtd_dev_00072ddb,s_UBI:_mtd%d_is_detached_from_ubi%_0007adb3
0004b7b4	328	FUN_0004b7b4	s_UBI_error:_%s:_too_many_MTD_devi_0007add6,s_ubi_init_00072dee,s_UBI_error:_%s:_cannot_create_UBI_0007ae0a,s_UBI_error:_%s:_cannot_attach_mtd_0007ae32
0004b914	64	FUN_0004b914	
0004b958	420	FUN_0004b958	s_UBI_error:_too_many_parameters,_m_0007ae91,s_UBI_error:_parameter_"%s"_is_too_0007aebd,s_UBI_warning:_empty_'mtd='_parame_0007aef0,s_UBI_error:_too_many_arguments_at_0007af21
0004bb1c	8	FUN_0004bb1c	
0004bb24	824	FUN_0004bb24	s_UBI_error:_%s:_bad_CRC_at_record_0007af70,s_vtbl_check_00072df7,s_UBI_error:_%s:_volumes_%d_and_%d_0007afa7,s_UBI_error:_%s:_volume_table_chec_0007afe1
0004be70	716	FUN_0004be70	s_UBI:_create_volume_table_(copy_#_0007b020
0004c148	200	FUN_0004c148	
0004c214	1964	FUN_0004c214	s_ubi_read_volume_table_00072e02,s_UBI_error:_%s:_the_layout_volume_0007b045,s_process_lvol_00072e18,s_UBI_warning:_%s:_volume_table_co_0007b075
0004ca18	8	FUN_0004ca18	
0004ca24	1232	FUN_0004ca24	s_%s_%d_0007b2bb,s_UBI_error:_%s:_cannot_create_vol_0007b2c1,s_ubi_create_volume_00072e4f
0004d048	600	FUN_0004d048	s_UBI:_reserve_more_%d_PEBs_00077d04
0004d2a4	80	FUN_0004d2a4	s_%s_%d_0007b2bb
0004d300	20	FUN_0004d300	
0004d314	232	FUN_0004d314	
0004d3fc	196	FUN_0004d3fc	
0004d4c0	376	FUN_0004d4c0	
0004d638	216	FUN_0004d638	
0004d710	660	FUN_0004d710	
0004d9a4	292	FUN_0004d9a4	
0004de7c	276	FUN_0004de7c	s_UBI_warning:_%s:_mark_volume_%d_a_0007b325,s_ubi_leb_read_00072e83
0004e080	216	FUN_0004e080	
0004e23c	160	FUN_0004e23c	
0004e324	8	FUN_0004e324	
0004e32c	48	FUN_0004e32c	
0004e35c	60	FUN_0004e35c	
0004e398	216	FUN_0004e398	
0004e470	60	FUN_0004e470	
0004e4ac	60	FUN_0004e4ac	
0004e4e8	20	FUN_0004e4e8	
0004e4fc	32	FUN_0004e4fc	s_ubi_ro_mode_00072e90,s_UBI_warning:_%s:_switch_to_read-_0007b353
0004e524	40	FUN_0004e524	
0004e54c	132	FUN_0004e54c	
0004e5d0	572	FUN_0004e5d0	s_UBI_warning:_%s:_bad_VID_header_a_0007b37e,s_ubi_eba_read_leb_00072e9c,s_UBI:_force_data_checking_0007b3b3,s_UBI_warning:_%s:_CRC_error:_calc_0007b3cd
0004e81c	1528	FUN_0004e81c	s_UBI_warning:_%s:_failed_to_write_0007b40a,s_ubi_eba_write_leb_00072ead,s_UBI:_recover_PEB_%d,_move_data_t_0007b43b,s_UBI:_data_was_successfully_recov_0007b465
0004ee44	964	FUN_0004ee44	s_ubi_eba_write_leb_st_00072ecb,s_UBI_warning:_%s:_failed_to_write_0007b4c7,s_UBI_warning:_%s:_failed_to_write_0007b56c,s_UBI:_try_another_PEB_0007b556
0004f21c	904	FUN_0004f21c	s_ubi_eba_atomic_leb_change_00072ee0,s_UBI_warning:_%s:_failed_to_write_0007b4c7,s_UBI_warning:_%s:_failed_to_write_0007b56c,s_UBI:_try_another_PEB_0007b556
0004f5b8	888	FUN_0004f5b8	s_ubi_eba_copy_leb_00072efa,s_UBI_warning:_%s:_error_%d_while_r_0007b5a9,s_UBI_warning:_%s:_cannot_read_VID_0007b5e3,s_UBI_warning:_%s:_cannot_read_dat_0007b61d
0004f948	548	FUN_0004f948	s_UBI_error:_%s:_no_enough_physica_0007b690,s_ubi_eba_init_scan_00072f0b,s_UBI_warning:_%s:_cannot_reserve_e_0007b6cd
0004fb78	56	FUN_0004fb78	
0004fbb0	8	FUN_0004fbb0	
0004fbbc	196	FUN_0004fbbc	s_do_sync_erase_00072f1d,s_UBI_error:_%s:_cannot_erase_PEB_%_0007b725,s_UBI_error:_%s:_cannot_erase_PEB_%_0007b753
0004fc90	240	FUN_0004fc90	s_UBI:_fixable_bit-flip_detected_a_0007b777,s_UBI_error:_%s:_error_%d_while_re_0007b7a1,s_ubi_io_read_00072f2b,s_%s[%d]_not_here_0007b7f0
0004fd90	164	FUN_0004fd90	s_UBI_error:_%s:_read-only_mode_0007b801,s_ubi_io_write_00072f37,s_UBI_error:_%s:_error_%d_while_wr_0007b820
0004fe40	444	FUN_0004fe40	s_UBI_error:_%s:_read-only_mode_0007b801,s_ubi_io_sync_erase_00072f44,s_torture_peb_00072f56,s_UBI_error:_%s:_erased_PEB_%d,_bu_0007b8b4
00050018	84	FUN_00050018	s_UBI_error:_%s:_error_%d_while_ch_0007b923,s_ubi_io_is_bad_00072f65
00050074	116	FUN_00050074	s_UBI_error:_%s:_read-only_mode_0007b801,s_ubi_io_mark_bad_00072f73,s_UBI_error:_%s:_cannot_mark_PEB_%_0007b95c
000500f4	640	FUN_000500f4	s_UBI_warning:_%s:_bad_magic_numbe_0007b9cd,s_ubi_io_read_ec_hdr_00072f83,s_UBI_warning:_%s:_bad_EC_header_C_0007ba10,s_UBI_error:_%s:_node_with_incompa_0007ba5c
000503a4	212	FUN_000503a4	
00050478	868	FUN_00050478	s_UBI_warning:_%s:_bad_magic_numbe_0007b9cd,s_ubi_io_read_vid_hdr_00072fa6,s_UBI_warning:_%s:_bad_CRC_at_PEB_%_0007bbdb,s_validate_vid_hdr_00072fba
00050800	144	FUN_00050800	
00050890	92	FUN_00050890	
000508ec	112	FUN_000508ec	s_do_work_00072fcb,s_UBI_error:_%s:_work_failed_with_e_0007bc3c
00050964	88	FUN_00050964	
000509bc	72	FUN_000509bc	
00050a04	196	FUN_00050a04	
00050acc	96	FUN_00050acc	
00050b2c	196	FUN_00050b2c	
00050bf0	96	FUN_00050bf0	
00050c50	32	FUN_00050c50	s_ubi_ro_mode_00072fd3,s_UBI_warning:_%s:_switch_to_read-_0007b353
00050c78	20	FUN_00050c78	
00050c8c	84	FUN_00050c8c	
00050ce0	104	FUN_00050ce0	
00050d4c	828	FUN_00050d4c	s_UBI_error:_%s:_erase_counter_ove_0007bc6b,s_sync_erase_00072fdf,s_erase_worker_00072fea,s_UBI_error:_%s:_failed_to_erase_P_0007bca5
000510ac	764	FUN_000510ac	s_UBI_error:_%s:_error_%d_while_re_0007bd8f,s_wear_leveling_worker_00072ff7,s_UBI_error:_%s:_error_%d_while_mo_0007bdcd
000513b4	356	FUN_000513b4	s_ubi_wl_get_peb_0007300c,s_UBI_error:_%s:_no_free_erasebloc_0007be04,s_BUG:_failure_at_%s:%d/%s()!_00079b00,s_ubi_wl_get_peb_0007301b
00051530	232	FUN_00051530	s_ubi_wl_put_peb_0007302a,s_UBI_error:_%s:_PEB_%d_not_found_0007be2d
00051620	200	FUN_00051620	s_UBI:_schedule_PEB_%d_for_scrubbi_0007be4e,s_ubi_wl_scrub_peb_00073039,s_UBI_error:_%s:_PEB_%d_not_found_0007be2d
000516f4	72	FUN_000516f4	
0005173c	156	FUN_0005173c	s_UBI:_background_thread_"%s"_star_0007be72,s_UBI_error:_%s:_%s:_work_failed_w_0007be9f,s_ubi_thread_0007304a,s_UBI:_%s:_%d_consecutive_failures_0007bed2
000517e8	700	FUN_000517e8	s_ubi_bgt%dd_0007bef4,s_UBI_error:_%s:_no_enough_physica_0007b690,s_ubi_wl_init_scan_00073055
00051ab0	148	FUN_00051ab0	
00051b44	8	FUN_00051b44	
00051b4c	28	FUN_00051b4c	
00051b68	48	FUN_00051b68	
00051b98	232	FUN_00051b98	s_validate_vid_hdr_00073066,s_UBI_error:_%s:_inconsistent_VID_h_0007beff
00051c88	20	FUN_00051c88	
00051c9c	148	FUN_00051c9c	s_BUG:_failure_at_%s:%d/%s()!_00079b00,s_scan.c_0007bf31,s_add_to_list_00073077
00051d40	1872	FUN_00051d40	s_ubi_scan_add_used_00073083,s_UBI_error:_%s:_two_LEBs_with_sam_0007bf38,s_UBI_error:_%s:_two_LEBs_with_sam_0007bf66,s_compare_lebs_00073095
000524a4	52	FUN_000524a4	
000524d8	52	FUN_000524d8	
0005250c	104	FUN_0005250c	
00052574	200	FUN_00052574	s_ubi_scan_erase_peb_000730a2,s_UBI_error:_%s:_erase_counter_ove_0007bfdb
00052644	196	FUN_00052644	s_ubi_scan_get_free_peb_000730b5,s_UBI_error:_%s:_no_eraseblocks_fo_0007c013
00052710	440	FUN_00052710	
000528c8	1512	FUN_000528c8	s_UBI_error:_%s:_this_UBI_version_i_0007c038,s_process_eb_000730cb,s_UBI_error:_%s:_erase_counter_ove_0007c074,s_UBI:_"delete"_compatible_interna_0007c0a6
00052eec	212	FUN_00052eec	
00052fc4	44	FUN_00052fc4	
00052ff0	180	FUN_00052ff0	
000530a4	40	FUN_000530a4	
00053144	64	FUN_00053144	
000531f0	156	FUN_000531f0	
00053228	144	FUN_00053228	
000532bc	56	FUN_000532bc	
000532f8	120	FUN_000532f8	
00053374	32	FUN_00053374	
00053394	168	FUN_00053394	
00053440	264	FUN_00053440	
00053550	68	FUN_00053550	
00053598	180	FUN_00053598	s_===_wait_until_rxep_ready_timeou_0007c1c9
00053658	836	FUN_00053658	
000539a8	1296	FUN_000539a8	s_===_wait_until_txep_ready_timeou_0007c1f0
00054088	732	FUN_00054088	
00054508	56	FUN_00054508	
00054544	56	FUN_00054544	
000545bc	4	FUN_000545bc	
000545c0	44	FUN_000545c0	
000545ec	252	FUN_000545ec	
000546f4	8	FUN_000546f4	
00054700	28	FUN_00054700	
00054720	604	FUN_00054720	
0005497c	112	FUN_0005497c	s_**_Can_not_find_directory._**_0007c2f8
000549f4	56	FUN_000549f4	
00054a34	184	FUN_00054a34	s_Error_in_ext4fs_log_gdt_0007c317
00054af4	400	FUN_00054af4	
00054c8c	596	FUN_00054c8c	s_Error_in_getting_the_block_group_0007c330
00054eec	4392	FUN_00054eec	s_error_in_File_System_init_0007c363,s_Not_enough_space_on_partition_!!_0007c389,s_No_memory_0007c37e,s_Error_in_copying_content_0007c3ac
0005603c	44	FUN_0005603c	
00056068	32	FUN_00056068	
00056088	336	FUN_00056088	s_part_offset_is_%lu_0007c3c6,s_total_sector_is_%llu_0007c3da,s_error:_overflow_occurs_0007c3f0
000561e8	172	FUN_000561e8	
00056298	152	FUN_00056298	
00056334	112	FUN_00056334	
000563a8	108	FUN_000563a8	
00056418	96	FUN_00056418	
00056478	908	FUN_00056478	
0005680c	856	FUN_0005680c	
00056b6c	1228	FUN_00056b6c	s_no_block_left_to_assign_0007c408,s_No_Memory_0007c421,s_no_block_left_assign_0007c42c,s_no_block_left_0007c442
00057048	264	FUN_00057048	
00057150	44	FUN_00057150	
00057180	1920	FUN_00057180	s_Extent_Error_0007c451,s_**_SI_ext2fs_read_block_(indir_1_0007c45f,s_**_SI_ext2fs_read_block_(indir_1_0007c493,s_**_SI_ext2fs_read_block_(indir_1_0007c4c8
0005793c	856	FUN_0005793c	s_No_Memory_0007c421,s_1st_Block_Full:Allocate_new_bloc_0007c69f,s_Directory_exceeds_limit_0007c6c2,s_no_block_left_to_assign_0007c408
00057cac	280	FUN_00057cac	
00057dc4	840	FUN_00057dc4	s_Please_supply_Absolute_path_0007c6f4,s_Invalid_path_0007c711,s_It_is_a_Directory_0007c71f
00058120	332	FUN_00058120	s_file_found_deleting_0007c732
00058274	212	FUN_00058274	
00058350	592	FUN_00058350	s_<DIR>_0007c747,s_<_?_>_0007c75c,s_%10d_%s_0007c763
000585b4	628	FUN_000585b4	
0005882c	116	FUN_0005882c	
000588a4	140	FUN_000588a4	
00058934	188	FUN_00058934	s_Failed_to_mount_ext2_filesystem._0007c76c
000589f8	60	FUN_000589f8	
00058a38	484	FUN_00058a38	s_%s_read_outside_partition_%d_0007c790,s_ext4fs_devread_000734d7+1,s_**_ext2fs_devread()_read_error_*_0007c7d9,s_**_%s_read_error_-_block_0007c7fd
0005922c	168	FUN_0005922c	
000592d4	292	FUN_000592d4	s_ERROR:_attempted_to_reserve_alre_0007ca6d,s_allocate.c_0007caaf,s_reserve_blocks_000734f5
00059438	104	FUN_00059438	
000594a0	128	FUN_000594a0	
000597c4	32	FUN_000597c4	
000597e4	64	FUN_000597e4	
00059824	64	FUN_00059824	
0005989c	24	FUN_0005989c	
000598b8	184	FUN_000598b8	s_ERROR:_failed_to_get_free_blocks_0007cb0b,s_ext4_allocate_blocks_from_block__0007350c,s_ERROR:_failed_to_reserve_%u_bloc_0007cac6,s_allocate.c_0007caaf
000599c4	136	FUN_000599c4	s_ERROR:_Failed_to_allocate_%d_blo_0007cb41,s_allocate.c_0007caaf,s_ext4_allocate_contiguous_blocks_00073532
00059a5c	276	FUN_00059a5c	s_ERROR:_failed_to_allocate_%d_blo_0007cb75,s_ext4_allocate_partial_00073552,s_allocate.c_0007caaf
00059c08	208	FUN_00059c08	
00059ce4	132	FUN_00059ce4	s_ERROR:_failed_to_allocate_%d_blo_0007cbba,s_allocate.c_0007caaf,s_append_oob_allocation_00073578
0005a068	208	FUN_0005a068	s_ext4_malloc_0007cbed
0005a0c4	80	FUN_0005a0c4	s_ext4_malloc_0007cbed
0005a17c	256	FUN_0005a17c	s_ERROR:_data_blocks_out_of_order:_0007cbf9,s_for_each_data_block_0007358e,s_backed_block.c_0007cc31
0005a8d8	36	FUN_0005a8d8	
0005a904	60	FUN_0005a904	
0005a94c	224	FUN_0005a94c	
0005aa34	40	FUN_0005aa34	s_Write_Done._0007cdd0
0005abe4	684	FUN_0005abe4	s_uboot_ext4fs_0007cdde
0005c32c	5268	FUN_0005c32c	s_%s_%d_:_%s_0007d3a6,s_sha1.c_0007d3b3,s_buffer_!=_0_0007d3ba,s_state_!=_0_0007d3c6
0005d7e0	76	FUN_0005d7e0	s_%s_%d_:_%s_0007d3a6,s_sha1.c_0007d3b3,s_context_!=_0_0007d3d1
0005d84c	216	FUN_0005d84c	s_%s_%d_:_%s_0007d3a6,s_sha1.c_0007d3b3,s_context_!=_0_0007d3d1,s_data_!=_0_0007d3de
0005d934	232	FUN_0005d934	s_%s_%d_:_%s_0007d3a6,s_sha1.c_0007d3b3,s_digest_!=_0_0007d3e8,s_context_!=_0_0007d3d1
0005da34	176	FUN_0005da34	
0005db90	180	FUN_0005db90	s_Write_error_!_0007d3f6
0005dc6c	8	FUN_0005dc6c	
0005dc74	44	FUN_0005dc74	
0005dca0	84	FUN_0005dca0	
0005dcf8	200	FUN_0005dcf8	
0005ddc8	164	FUN_0005ddc8	
0005de70	196	FUN_0005de70	s_ext4fs_log_journal_00073c30,s_Invalid_input_arguments_%s_0007d43d
0005df44	140	FUN_0005df44	s_ext4fs_put_metadata_00073c43,s_Invalid_input_arguments_%s_0007d43d
0005e038	144	FUN_0005e038	s_buffer_ptr_is_NULL_0007d47e,s_tr_is_NULL_0007d47e+8,s__get_node:_malloc_failed_0007d492
0005e0d8	96	FUN_0005e0d8	
0005e140	116	FUN_0005e140	
0005e1b8	332	FUN_0005e1b8	
0005e30c	16	FUN_0005e30c	s_Journal_Recovery_Completed_0007d4ac,s_Journal_Scan_Completed_0007d4c8
0005e324	840	FUN_0005e324	s_Recovery_required_0007d4e0,s_File_System_is_consistent_0007d4f3
0005e678	456	FUN_0005e678	
0005e844	680	FUN_0005e844	s_update_journal_finished_0007d50e
0005eb00	56	FUN_0005eb00	
0005eb3c	40	FUN_0005eb3c	
0005eb64	80	FUN_0005eb64	
0005ebb8	48	FUN_0005ebb8	
0005ebe8	340	FUN_0005ebe8	
0005ed3c	40	FUN_0005ed3c	
0005ed64	44	FUN_0005ed64	
0005ed90	104	FUN_0005ed90	
0005edfc	108	FUN_0005edfc	s_error:_overflow_occurs_0007c3f0
0005ee70	132	FUN_0005ee70	
0005eef8	380	FUN_0005eef8	
0005f074	276	FUN_0005f074	
0005f188	280	FUN_0005f188	s_FAT32_0007d527,s_FAT12_0007d530,s_FAT16_0007d539
0005f2b0	364	FUN_0005f2b0	s_FAT:_Misaligned_buffer_address_(_0007d542
0005f420	172	FUN_0005f420	
0005f4cc	188	FUN_0005f4cc	
0005f588	480	FUN_0005f588	
0005f768	308	FUN_0005f768	
0005f89c	188	FUN_0005f89c	
0005f958	420	FUN_0005f958	s_Invalid_FAT_entry_0007d567
0005fb04	212	FUN_0005fb04	s_error:_wrinting_directory_entry_0007d57a
000604e4	320	FUN_000604e4	s_**_Partition_%d_not_valid_on_dev_0007d65d,s_FAT32_000796df
0006063c	1376	FUN_0006063c	PTR_s_**_Can't_read_from_device_%d_**_00060ba0,s_**_Can't_read_from_device_%d_**_0007c835,PTR_s_**_MBR_is_broken_**_00060ba4,s_**_MBR_is_broken_**_0007c856
00060c18	2692	FUN_00060c18	s_Error:_FAT_sector_size_mismatch_(_0007d886,s_%s%c_0007d8b9,s_%8ld_%s%c_0007d8cb,s_%d_file(s),_%d_dir(s)_0007d8d9
000616f4	248	FUN_000616f4	PTR_s_No_current_device_00061810,PTR_s_Interface:_00061814,s_Interface:_0007d91c,s_SCSI_00078272+8
00061848	56	FUN_00061848	
00061858	68	FUN_00061858	s_reading_%s_0007d973
000618b4	2292	FUN_000618b4	s_Error:_reading_directory_block_0007d59b,s_Invalid_FAT_entry_0007d567,s_Error:_finding_empty_cluster_0007d622,s_Error:_%ld_overflow_0007d5bb
00061c20	212	FUN_00061c20	
00061cf8	20	FUN_00061cf8	
00061d0c	4	thunk_FUN_00061cf8	
00061d18	280	FUN_00061d18	s__0007d8d9+0x17,s_EPTGMK0123456789ABCDEF0123456789_00074370,s_PTGMK0123456789ABCDEF0123456789a_00074370+1,s_%llu_Bytes%s_0007d9e0
00061e4c	356	FUN_00061e4c	s_%08lx:_00076343,s_%0*x_0007d9fe,s_%s_00077ba9+0x11
00061fc0	220	FUN_00061fc0	
000622a0	80	FUN_000622a0	
000622f0	172	FUN_000622f0	
000623a0	160	FUN_000623a0	
00062590	720	FUN_00062590	
00062864	176	FUN_00062864	
00062918	652	FUN_00062918	s_Env_export_buffer_too_small:_%zu_0007da89
00062bb0	912	FUN_00062bb0	s_himport_r:_can't_insert_"%s=%s"_i_0007dab9,s_WARNING:_'%s'_neither_in_running_0007daea,s_WARNING:_'%s'_not_in_imported_en_0007db21
00062f50	420	FUN_00062f50	
000630f8	40	FUN_000630f8	
00063120	4	thunk_FUN_00062f50	
00063228	8	FUN_00063228	
00063230	88	FUN_00063230	
00063288	264	FUN_00063288	
00063390	48	FUN_00063390	s_ERROR:_Failed_to_allocate_0x%lx_b_0007db52
00063428	4	FUN_00063428	
00063430	216	FUN_00063430	
00063518	108	FUN_00063518	
00063584	112	FUN_00063584	
000635f4	316	FUN_000635f4	
00063730	880	FUN_00063730	
00063aa0	36	FUN_00063aa0	
00063ac4	36	FUN_00063ac4	
00063ae8	100	FUN_00063ae8	
00063c10	24	FUN_00063c10	
00063c28	36	FUN_00063c28	
00063cd0	40	FUN_00063cd0	
00063cf8	60	FUN_00063cf8	
00063d34	44	FUN_00063d34	
00063d60	36	FUN_00063d60	
00063d88	32	FUN_00063d88	
00063da8	60	FUN_00063da8	
00063de4	92	FUN_00063de4	
00063e44	44	FUN_00063e44	
00063e70	64	FUN_00063e70	
00063eb0	60	FUN_00063eb0	
00063eec	60	FUN_00063eec	
00063f28	132	FUN_00063f28	
00063fb0	56	FUN_00063fb0	
00064030	92	FUN_00064030	
000640b0	108	FUN_000640b0	
0006411c	72	FUN_0006411c	
00064164	48	FUN_00064164	
00064194	44	FUN_00064194	
000641c0	108	FUN_000641c0	
0006425c	44	FUN_0006425c	
0006428c	36	FUN_0006428c	
000642b0	496	FUN_000642b0	
000644ac	144	FUN_000644ac	s_<NULL>_0007db86
00064540	584	FUN_00064540	s_0123456789ABCDEF0123456789abcdef_00074370+6
0006478c	1056	FUN_0006478c	s_(null)_0007db8d
00064bb4	180	FUN_00064bb4	
00064c6c	120	FUN_00064c6c	
00064ce4	40	FUN_00064ce4	
00064d0c	112	FUN_00064d0c	
00064d7c	216	FUN_00064d7c	
00064e58	4	thunk_FUN_0006478c	
00064e5c	40	FUN_00064e5c	
00064e84	44	FUN_00064e84	
00064f1c	36	FUN_00064f1c	
00064f40	36	FUN_00064f40	
00064f64	1624	FUN_00064f64	
000655bc	304	FUN_000655bc	
00065700	1412	FUN_00065700	s_invalid_distance_code_0007dbd4,s_invalid_literal/length_code_0007dbea,s_invalid_distance_too_far_back_0007dbb6
00065c90	1340	FUN_00065c90	
000663cc	824	FUN_000663cc	
00067bf0	236	FUN_00067bf0	
00067d8c	160	FUN_00067d8c	
00067e2c	136	FUN_00067e2c	
00067f40	148	FUN_00067f40	
0006809c	212	FUN_0006809c	
00068170	212	FUN_00068170	
00068244	208	FUN_00068244	
00068254	12	FUN_00068254	
00068278	16	FUN_00068278	
0006828c	52	FUN_0006828c	
000682c0	80	FUN_000682c0	
00068310	128	FUN_00068310	s_ark7116_recognize_failed_0007dde4
000683b4	272	FUN_000683b4	
000684d0	1744	FUN_000684d0	PTR_s_uboot_set_ui_scaler_type_=_%d_00068bb0,s_uboot_set_ui_scaler_type_=_%d_0007de15,PTR_s_track_setting_00068bb4,s_track_setting_0007de34
00068bec	124	FUN_00068bec	s_error_format_screen_id_0007dedc,s_Invalide_param._0007def4
00068e0c	392	FUN_00068e0c	PTR_s_Call_gpio_pad_interrupt_handler_o_00068f9c,s_Call_gpio_pad_interrupt_handler_o_0007df1e,PTR_s_Call_gpio_pad_interrupt_handler_o_00068fa0,s_Call_gpio_pad_interrupt_handler_o_0007df55
00068fac	8	FUN_00068fac	s_Enter_into_GPIO0IntHandler_0007dffa
00068fb8	8	FUN_00068fb8	s_Enter_into_GPIO1IntHandler_0007e016
00068fc4	8	FUN_00068fc4	s_Enter_into_GPIO5IntHandler_0007e032
00068fd0	148	FUN_00068fd0	s_Please_input_the_correct_GPIO_pa_0007e04e
0006906c	148	FUN_0006906c	s_Please_input_the_correct_GPIO_pa_0007e04e
00069108	108	FUN_00069108	s_Please_input_the_correct_GPIO_pa_0007e04e
0006917c	164	FUN_0006917c	s_Please_input_the_correct_GPIO_pa_0007e04e,s_Please_input_the_correct_GPIO_da_0007e083
0006922c	180	FUN_0006922c	s_Please_input_the_correct_GPIO_pa_0007e04e,s_Please_input_the_correct_GPIO_di_0007e0b3
000693fc	412	FUN_000693fc	s_Please_input_the_correct_GPIO_pa_0007e04e,s_Please_input_the_correct_GPIO_in_0007e0dd
000695cc	176	FUN_000695cc	s_banka_old_data:_0x%x_0007e115,s_GPIO_has_detect_an_input_on_GPIO_0007e12c
00069688	196	FUN_00069688	
0006978c	216	FUN_0006978c	
00069880	128	FUN_00069880	PTR_s_error_format_addr_00069900,s_error_format_addr_0007e1dd,PTR_s_you_select_operate:_%d_00069904,s_you_select_operate:_%d_0007e1f0
00069980	184	FUN_00069980	s_Jpeg_error_int!_0007e268
00069a34	36	FUN_00069a34	
00069b10	264	FUN_00069b10	
00069c28	180	FUN_00069c28	PTR_s_error_format_width_00069cdc,s_error_format_width_0007e361,PTR_s_error_format_height_00069ce0,s_error_format_height_0007e375
00069ff8	212	FUN_00069ff8	
0006a0e4	48	FUN_0006a0e4	
0006a11c	48	FUN_0006a11c	
0006a158	1020	FUN_0006a158	
0006b754	376	FUN_0006b754	
0006b8d8	556	FUN_0006b8d8	
0006bb14	60	FUN_0006bb14	
0006bf68	308	FUN_0006bf68	PTR_s_bootlogo_0007e45e+0x14_0006c09c,s_bootlogo_0007e45e+0x14,PTR_s_%s_size_0006c0a0,s_%s_size_00074fac
0006c0d8	292	FUN_0006c0d8	PTR_s_error_format_op_code_0006c214,s_error_format_op_code_0007e47b,PTR_s_error_format_register_0006c218,s_error_format_register_0007e491
0006c244	372	FUN_0006c244	PTR_s_error_format_op_code_0006c3d0,s_error_format_op_code_0007e47b,PTR_s_error_format_register_0006c3d4,s_error_format_register_0007e491
0006c404	184	FUN_0006c404	PTR_s_error_format_addr_0006c4bc,s_error_format_addr_0007e1dd,PTR_s_invalid_addr_0x%lx_(should_be_mu_0006c4c0,s_invalid_addr_0x%lx_(should_be_mu_0007e616
0006c510	76	FUN_0006c510	
0006c560	108	FUN_0006c560	
0006c5d0	248	FUN_0006c5d0	
0006c6d0	60	FUN_0006c6d0	
0006c710	164	FUN_0006c710	
0006c868	4	FUN_0006c868	
0006c86c	132	FUN_0006c86c	s_backlight_0007561e,s_get_backlight_success,_val=%d._0007e65d,s_get_backlight_fail,_default_30._0007e67d
0006cb48	84	FUN_0006cb48	s_set_gamma_info_from_flash._0007e69e
0006cc90	32	FUN_0006cc90	
0006ccb4	32	FUN_0006ccb4	
0006ccd8	32	FUN_0006ccd8	
0006ccfc	32	FUN_0006ccfc	
0006cd20	32	FUN_0006cd20	
0006cd44	32	FUN_0006cd44	
0006cd68	32	FUN_0006cd68	
0006cd8c	32	FUN_0006cd8c	
0006cdb0	32	FUN_0006cdb0	
0006cdd4	32	FUN_0006cdd4	
0006ceec	96	FUN_0006ceec	
0006cf4c	92	FUN_0006cf4c	
0006cfac	124	FUN_0006cfac	
0006d0dc	96	FUN_0006d0dc	
0006d13c	296	FUN_0006d13c	s_error_osd_layer_id_%d._0007e6ba
0006d26c	760	FUN_0006d26c	s_Parameter_error,_width_is_not_th_0007e6d2
0006d574	60	FUN_0006d574	s_error_osd_layer_id_%d._0007e6ba
0006d5b8	68	FUN_0006d5b8	s_error_video_layer_id_%d._0007e705
0006d604	28	FUN_0006d604	
0006d624	28	FUN_0006d624	
0006d644	28	FUN_0006d644	
0006d664	60	FUN_0006d664	
0006d6a8	60	FUN_0006d6a8	
0006d6ec	92	FUN_0006d6ec	
0006d748	308	FUN_0006d748	
0006dd84	592	FUN_0006dd84	s_BOOT_LCD_DITHERING_=_0x%08x_0007e71f
0006e7b0	3064	FUN_0006e7b0	s_rgbif_pad_unset:_PAD_CTRL00=0x%0_0007e73d
0006e800	40	FUN_0006e800	
0006e82c	64	FUN_0006e82c	
0006e870	348	FUN_0006e870	s_uboot_itu656_direct_in_0007e7ad
0006e9d8	20	FUN_0006e9d8	
0006e9f0	160	FUN_0006e9f0	
0006eaa0	96	FUN_0006eaa0	PTR_s_ark_back_car_in_0006eb00,s_ark_back_car_in_0007e7c5
0006eb10	20	FUN_0006eb10	
0006eb28	120	FUN_0006eb28	
0006ebac	96	FUN_0006ebac	s_ark_back_car_quit_0007e7d6
0006eef8	8	FUN_0006eef8	
0006ef00	8	FUN_0006ef00	
0006ef08	8	FUN_0006ef08	
0006ef10	156	FUN_0006ef10	
0006f038	140	FUN_0006f038	
0006f0c4	160	FUN_0006f0c4	
0006f164	148	FUN_0006f164	
0006f1f8	180	FUN_0006f1f8	
0006f2ac	176	FUN_0006f2ac	
0006f35c	136	FUN_0006f35c	s_w_CheckAck_error2_0007e8b7,s_w_CheckAck_error3_0007e8cb
0006f3ec	180	FUN_0006f3ec	
0006f4bc	44	FUN_0006f4bc	
0006f6e0	156	FUN_0006f6e0	
0006f77c	404	FUN_0006f77c	
0006f910	108	FUN_0006f910	
0006fae8	120	FUN_0006fae8	s_new_ini_parser_error._0007e918
0006fc64	268	FUN_0006fc64	PTR_s_LcdArgInFlash_0006fd74,s_LcdArgInFlash_000843dc,PTR_s_get_screenInfo_and_itu656bypinfo_0006fd80,s_get_screenInfo_and_itu656bypinfo_0007e99b
0006fd98	3984	FUN_0006fd98	s_file_buf_or_ini_null,_exit_0007eacb,s_ark_ini_updata,_get_arkdata.ini_f_0007eae8,s_parse_arkdata.ini_end_0007eb1a,s_parse_arkdata.ini_fail._0007eb31
00071024	164	FUN_00071024	
000710d0	28	FUN_000710d0	
000710ec	72	FUN_000710ec	
00071134	176	FUN_00071134	
000711e4	148	FUN_000711e4	
00071408	168	FUN_00071408	
000718b4	24	FUN_000718b4	s_raise:_Signal_#_%d_caught_0007f59e
000718d8	168	FUN_000718d8	
00071980	32	FUN_00071980	
000719a0	24	FUN_000719a0	
000719a8	196	FUN_000719a8	
00071a7c	32	FUN_00071a7c	
00071ae4	76	FUN_00071ae4	
00071b30	60	FUN_00071b30	
00071b6c	60	FUN_00071b6c	
00071ba8	348	FUN_00071ba8	
00071d10	248	FUN_00071d10	
